,classe,eer,auc
0,0.0,0.16250000000000003,0.8374999999999999
1,1.0,0.13624999999999998,0.86375
AVG,-->,0.149375,0.850625
