,rf_eer,rf_oa,rf_ba,knn_eer,knn_oa,knn_ba,svm_eer,svm_oa,svm_ba
0,0.13333333333333333,0.8666666666666667,0.8666666666666667,0.13148148148148145,0.8685185185185186,0.8685185185185186,0.3055555555555556,0.6944444444444443,0.6944444444444443
1,0.13148148148148145,0.8685185185185186,0.8685185185185186,0.14444444444444446,0.8555555555555555,0.8555555555555555,0.3296296296296296,0.6703703703703704,0.6703703703703704
AVG,0.1324074074074074,0.8675925925925927,0.8675925925925927,0.13796296296296295,0.862037037037037,0.862037037037037,0.3175925925925926,0.6824074074074074,0.6824074074074074
