,rf_eer,rf_oa,rf_ba,knn_eer,knn_oa,knn_ba,svm_eer,svm_oa,svm_ba
0,0.04351851851851852,0.9564814814814815,0.9564814814814815,0.09166666666666667,0.9083333333333333,0.9083333333333333,0.3287037037037037,0.6712962962962964,0.6712962962962964
1,0.034259259259259246,0.9657407407407407,0.9657407407407407,0.0925925925925926,0.9074074074074074,0.9074074074074074,0.35555555555555557,0.6444444444444445,0.6444444444444445
2,0.04351851851851852,0.9564814814814815,0.9564814814814815,0.06666666666666667,0.9333333333333332,0.9333333333333332,0.27685185185185185,0.7231481481481481,0.7231481481481481
3,0.049999999999999996,0.9500000000000001,0.9500000000000001,0.08703703703703702,0.912962962962963,0.912962962962963,0.3398148148148148,0.6601851851851851,0.6601851851851851
AVG,0.04282407407407407,0.9571759259259259,0.9571759259259259,0.08449074074074074,0.9155092592592592,0.9155092592592592,0.3252314814814815,0.6747685185185185,0.6747685185185185
