,classe,eer,auc
0,0.0,0.11498934703596941,0.8850106529640306
1,1.0,0.14882817395663617,0.8511718260433638
AVG,-->,0.1319087604963028,0.8680912395036973
